engine,rows,cols,run,wall_s,rss_bytes,result_ms,result_peak,result_baseline,rc
constant-memory,1000,10,0,Running,280952832,178,280952832,280952832,0
default,1000,10,0,Running,280068096,174,280068096,280068096,0
excel,1000,10,0,1.00,323813376,192,323813376,313688064,0
excel_community,1000,10,0,3.93,320651264,665,320405504,317652992,0
constant-memory,10000,10,1,Running,280543232,243,280543232,280543232,0
default,10000,10,1,Running,280330240,251,280330240,280330240,0
excel,10000,10,1,1.47,465829888,692,465534976,313851904,0
excel_community,10000,10,1,1.36,362627072,277,362364928,317259776,0
constant-memory,10000,10,2,Running,280936448,268,280936448,280936448,0
default,10000,10,2,Running,280494080,395,280494080,280494080,0
excel,10000,10,2,2.51,464748544,1657,464748544,313802752,0
excel_community,10000,10,2,1.16,361594880,263,361512960,317145088,0
constant-memory,10000,10,3,Running,280788992,239,280788992,280788992,0
default,10000,10,3,Running,280035328,254,280035328,280035328,0
excel,10000,10,3,1.40,464289792,625,464289792,313491456,0
excel_community,10000,10,3,1.12,361431040,256,361431040,317587456,0
constant-memory,10000,10,4,Running,280182784,243,280182784,280182784,0
default,10000,10,4,Running,280608768,308,280608768,280608768,0
excel,10000,10,4,1.39,464699392,625,464699392,313868288,0
excel_community,10000,10,4,1.07,361431040,254,361332736,317341696,0
constant-memory,10000,10,5,Running,280641536,284,280641536,280641536,0
default,10000,10,5,Running,280444928,317,280444928,280444928,0
excel,10000,10,5,1.53,465272832,694,465272832,313311232,0
excel_community,10000,10,5,1.08,362692608,251,362594304,317931520,0
constant-memory,100000,10,1,Running,280346624,910,280346624,280346624,0
default,100000,10,1,Running,339394560,962,339165184,280379392,0
excel,100000,10,1,14.49,1976139776,13578,1976139776,313753600,0
excel_community,100000,10,1,2.47,703021056,1503,703021056,317669376,0
constant-memory,100000,10,2,Running,281034752,866,281034752,281034752,0
default,100000,10,2,Running,339591168,959,339361792,280395776,0
excel,100000,10,2,5.60,2042642432,4845,2042511360,314179584,0
excel_community,100000,10,2,2.43,704872448,1541,704872448,317014016,0
constant-memory,100000,10,3,Running,280051712,875,280051712,280051712,0
default,100000,10,3,Running,339558400,2515,339329024,280412160,0
excel,100000,10,3,29.64,1906917376,28721,1906540544,313524224,0
excel_community,100000,10,3,2.48,704512000,1499,704512000,317489152,0
constant-memory,100000,10,4,Running,280559616,1105,280559616,280559616,0
default,100000,10,4,Running,339673088,1066,339378176,280625152,0
excel,100000,10,4,22.73,1947271168,21777,1946763264,313769984,0
excel_community,100000,10,4,15.61,699908096,9907,699908096,316981248,0
constant-memory,100000,10,5,Running,280231936,1237,280231936,280231936,0
default,100000,10,5,Running,340000768,971,339771392,280870912,0
excel,100000,10,5,6.11,2002960384,5106,2002960384,313769984,0
excel_community,100000,10,5,2.34,704331776,1495,704331776,317030400,0
constant-memory,1000000,10,1,Running,280641536,40211,280641536,280641536,0
default,1000000,10,1,Running,1512325120,37116,1512325120,280494080,0
constant-memory,1000000,10,2,Running,281051136,6678,281051136,281051136,0
default,1000000,10,2,Running,1513439232,18039,1513209856,280461312,0
constant-memory,1000000,10,3,Running,280281088,38925,280281088,280281088,0
default,1000000,10,3,Running,1497710592,35198,1495613440,280412160,0
